xmin,xmax,s1_mean,s1_stddev,s2_mean,s2_stddev,s3_mean,s3_stddev,s4_mean,s4_stddev
1.50573000E+02,2.00534000E+02,-4.04006580E-02,-4.40410000E-02,-4.35674941E-03,-1.14820000E-02,-1.00000000E+01,-1.00000000E+01,9.96631951E+00,1.00000000E+01
