xmin,xmax,s1_mean,s1_stddev,s2_mean,s2_stddev,s3_mean,s3_stddev,s4_mean,s4_stddev
6.71380000E+01,9.51170000E+01,-3.99412565E-02,-4.50050000E-02,-4.44238620E-03,-3.44990000E-02,1.00000000E+01,1.00000000E+01,1.00000000E+01,1.00000000E+01
