xmin,xmax,Voltage_0_mean,Voltage_0_stddev,Voltage_1_mean,Voltage_1_stddev,Voltage_2_mean,Voltage_2_stddev,Voltage_3_mean,Voltage_3_stddev
4.44120000E+01,5.42480000E+01,-9.50408434E-03,8.98800000E-03,2.84732952E-02,2.93330000E-02,-1.00000000E+01,-1.00000000E+01,1.00000000E+01,1.00000000E+01
